Redirect 301 /1700-project-defacement-it-hate-crime /2010/05/19/the-1700-project-defacement-is-it-a-hate-crime
Redirect 301 /3d-capturing-our-sculptures-taken-instagram-modern-wing /2012/07/19/3d-capturing-of-our-sculptures-taken-with-instagram-at-the-modern-wing
Redirect 301 /afternoon-hike-buddy-quarry-park /2016/03/09/afternoon-hike-with-buddy-at-quarry-park
Redirect 301 /afternoon-hike-palos-hills-forest-preserve /2014/06/01/afternoon-hike-at-palos-hills-forest-preserve
Redirect 301 /ahhh-there’s-so-much-fresh-food-miami /2012/03/02/ahhh-theres-so-much-fresh-food-in-miami
Redirect 301 /all-playing-allowed-jugar-aqui-taken-instagram-palmer-square-park /2012/07/03/all-playing-allowed-jugar-aqui-taken-with-instagram-at-palmer-square-park
Redirect 301 /all-say-‘i-miss-you’-derangedchef-taken-instagram /2012/06/22/all-this-to-say-i-miss-you-derangedchef-taken-with-instagram
Redirect 301 /allofthelights-mcn2013-théâtre-corona-virgin-mobile /2013/11/21/allofthelights-mcn2013-at-thtre-corona-virgin-mobile
Redirect 301 /anamuya-mountain-zipline-adventures /2013/04/19/anamuya-mountain-at-zipline-adventures
Redirect 301 /apparently-denver-thinks-“old-chicago”-has-something-do-hockey-what /2012/03/21/apparently-denver-thinks-old-chicago-has-something-to-do-with-hockey-what
Redirect 301 /apple-iic-and-it-still-works /2014/10/04/an-apple-iic-and-it-still-works
Redirect 301 /aspen-sunset-taken-instagram-aspen-sundeck /2012/03/24/aspen-sunset-taken-with-instagram-at-aspen-sundeck
Redirect 301 /audre-lorde-night-our-men’s-feminist-book-group /2014/06/03/audre-lorde-night-at-our-mens-feminist-book-group
Redirect 301 /autocorrect-goodness /2015/03/25/autocorrect-goodness
Redirect 301 /awww…-ingredients-love-dill-pickle-food-co-op /2013/06/12/awww-ingredients-love-at-dill-pickle-food-co-op
Redirect 301 /baby-bok-choy-sourdough-egg-and-kim-chi-funwithbreakfast /2012/12/01/baby-bok-choy-on-sourdough-with-an-egg-and-kim-chi-funwithbreakfast
Redirect 301 /barbados-island-composed-almost-entirely-coral-st-martins-bay-st-john-barbados /2014/05/15/barbados-is-an-island-composed-almost-entirely-of-coral-at-st-martins-bay-st-john-barbados
Redirect 301 /be-critical-how-you-donate-haiti /2010/01/15/be-critical-of-how-you-donate-to-haiti
Redirect 301 /beaver-dam-wi-beaver-dam-wi /2013/06/08/beaver-dam-wi-at-beaver-dam-wi
Redirect 301 /bees-are-out-taken-instagram-millennium-park /2012/04/02/bees-are-out-taken-with-instagram-at-millennium-park
Redirect 301 /best-show-summer-and-it-hasn’t-even-started-yet-taken-instagram-ravinia-festival /2012/06/10/best-show-of-the-summer-and-it-hasnt-even-started-yet-taken-with-instagram-at-ravinia-festival
Redirect 301 /best-table-ever-taken-instagram /2012/03/26/best-table-ever-taken-with-instagram
Redirect 301 /bi-bim-hell-yea-taken-instagram-gosu /2012/07/26/bi-bim-hell-yea-taken-with-instagram-at-gosu
Redirect 301 /bike-lunch-john-hancock-center /2013/08/09/bike-lunch-at-john-hancock-center
Redirect 301 /blackbird-fly-taken-instagram-millennium-park /2012/04/23/blackbird-fly-taken-with-instagram-at-millennium-park
Redirect 301 /blooming-magnolias-taken-instagram-middleton-place /2012/04/29/blooming-magnolias-taken-with-instagram-at-middleton-place
Redirect 301 /blue-bears-should-be-allowed-inside-too /2012/03/22/blue-bears-should-be-allowed-inside-too
Redirect 301 /body /2012/05/31/body
Redirect 301 /boycott-cold-stone-creamery /2010/04/29/boycott-cold-stone-creamery
Redirect 301 /breaking-barriers-program-cover /2011/04/24/breaking-barriers-program-cover
Redirect 301 /butternut-squash-pancakes-raspberry-funwithbreakfast /2012/11/25/butternut-squash-pancakes-with-raspberry-funwithbreakfast
Redirect 301 /chambagam-taken-instagram-philipkutty’s-farm /2012/08/15/chambagam-taken-with-instagram-at-philipkuttys-farm
Redirect 301 /chandeliers-taken-instagram-chicago-theatre /2012/07/10/chandeliers-taken-with-instagram-at-chicago-theatre
Redirect 301 /check-me-out-taken-instagram-fm-gallery /2012/05/11/check-me-out-taken-with-instagram-at-fm-gallery
Redirect 301 /christmas-my-desk-art-institute-chicago-administrative-offices /2012/12/19/christmas-at-my-desk-at-art-institute-of-chicago-administrative-offices
Redirect 301 /christmaseve-beach-10th /2012/12/24/christmaseve-at-the-beach-at-10th
Redirect 301 /circles-and-lines-auditorium-theatre-roosevelt-university /2012/12/07/circles-and-lines-at-auditorium-theatre-of-roosevelt-university
Redirect 301 /clouds-taken-instagram-foret-de-fontainebleau /2012/09/19/clouds-taken-with-instagram-at-foret-de-fontainebleau
Redirect 301 /cloudy-lake-michigan-latergram-empire-bluff-trail /2013/09/15/cloudy-lake-michigan-latergram-at-empire-bluff-trail
Redirect 301 /cloudy-lake-taken-instagram-crandall-park /2012/07/29/cloudy-lake-taken-with-instagram-at-crandall-park
Redirect 301 /club-soda-cranberry-juice-and-orange-juice-flyinginstyle-taken-instagram-bradley-international-airpo /2012/08/08/club-soda-cranberry-juice-and-orange-juice-flyinginstyle-taken-with-instagram-at-bradley-international-airport-bdl
Redirect 301 /coconut-creme-brule /2012/03/19/coconut-creme-brule
Redirect 301 /colors-chain-o-lakes-goldfinch-trail /2013/10/27/colors-at-chain-o-lakes-goldfinch-trail
Redirect 301 /creating-raisers-edge-api /2014/02/05/creating-a-raisers-edge-api
Redirect 301 /dhunicorn-museopunks-green-room-mcn2013 /2013/11/22/dhunicorn-in-the-museopunks-green-room-mcn2013
Redirect 301 /dinner-my-men’s-feminist-book-group-cause-that’s-how-we-roll /2014/04/15/dinner-at-my-mens-feminist-book-group-cause-thats-how-we-roll
Redirect 301 /diwali-joy-hope-and-justice /2014/10/22/diwali-joy-hope-and-justice
Redirect 301 /door-our-apartment-paris-taken-instagram-rue-monsieur-le-prince /2012/09/21/door-to-our-apartment-in-paris-taken-with-instagram-at-rue-monsieur-le-prince
Redirect 301 /dreary-day-art-meant-be-seen-cloudy-day-modern-wing /2013/12/06/dreary-day-art-meant-to-be-seen-on-a-cloudy-day-at-the-modern-wing
Redirect 301 /enchiladas-it’s-thanksgiving-trivedi-house /2012/11/22/enchiladas-its-thanksgiving-at-the-trivedi-house
Redirect 301 /evening-hike-caldwell-woods /2014/10/18/evening-hike-at-caldwell-woods
Redirect 301 /evening-hike-caldwell-woods-0 /2014/12/07/evening-hike-at-caldwell-woods
Redirect 301 /evening-hike-country-lane-woods /2014/11/28/evening-hike-at-country-lane-woods
Redirect 301 /exporting-data-helix /2013/08/24/exporting-data-from-helix
Redirect 301 /fall-fall-palmer-square-park /2015/10/21/fall-fall-at-palmer-square-park
Redirect 301 /first-date-we-had-baby-lula-cafe /2016/01/24/first-date-since-we-had-a-baby-at-lula-cafe
Redirect 301 /first-sprouts /2012/03/14/first-sprouts
Redirect 301 /first-sprouts-nofilter /2012/03/13/first-sprouts-nofilter
Redirect 301 /fresh-shave-movember-1-6-biological-males-will-be-diagnosed-prostate-cancer-our-lifetimes-guys-have /2012/11/01/fresh-shave-for-movember-1-in-6-biological-males-will-be-diagnosed-with-prostate-cancer-in-our-lifetimes-guys-have-you-had-your-annual-checkup-http-mobro-co-nikhiltri
Redirect 301 /full-moon-rise-clark-street-beach /2014/02/14/full-moon-rise-at-clark-street-beach
Redirect 301 /fun-my-niece-exploritorium /2013/01/19/fun-with-my-niece-at-exploritorium
Redirect 301 /fuuuuuuuhhhhhhh /2014/01/06/fuuuuuuuhhhhhhh
Redirect 301 /gaaaaaasp-flowers-springisthatyou /2014/04/10/gaaaaaasp-flowers-springisthatyou
Redirect 301 /german-chocolate-thatsmozart-taken-instagram /2012/06/06/german-chocolate-thatsmozart-taken-with-instagram
Redirect 301 /ginkgo-leaf-autumn /2014/11/12/ginkgo-leaf-autumn
Redirect 301 /gloating-after-destroying-me-magic-taken-instagram-new-wave-coffee /2012/07/04/gloating-after-destroying-me-in-magic-taken-with-instagram-at-new-wave-coffee
Redirect 301 /good-morning-denver-taken-instagram-denver-art-museum /2012/03/23/good-morning-denver-taken-with-instagram-at-denver-art-museum
Redirect 301 /grassroots-collaborative /2010/01/17/the-grassroots-collaborative
Redirect 301 /green-tacos-red-cabbage-kale-and-beet-greens-yum-taken-instagram /2012/09/22/green-tacos-with-red-cabbage-kale-and-beet-greens-yum-taken-with-instagram
Redirect 301 /happy-4th-logan-square-taken-instagram-logan-square /2012/07/04/happy-4th-from-logan-square-taken-with-instagram-at-logan-square
Redirect 301 /happy-birthday-sheena-taken-instagram-ruxbin-kitchen /2012/07/11/happy-birthday-sheena-taken-with-instagram-at-ruxbin-kitchen
Redirect 301 /happy-mother’s-day-universe-swallow-cliff-forest-preserves /2014/05/11/happy-mothers-day-universe-at-swallow-cliff-forest-preserves
Redirect 301 /has-happened-thanks-gift-derangedchef /2013/09/11/this-has-happened-thanks-for-the-gift-derangedchef
Redirect 301 /hazy-afternoon-evanston-beach /2015/08/31/hazy-afternoon-at-evanston-beach
Redirect 301 /hello-illinois-taken-instagram /2012/07/16/hello-illinois-taken-with-instagram
Redirect 301 /herb-walk-bald-mountain-state-park /2014/06/08/herb-walk-at-bald-mountain-state-park
Redirect 301 /here-it-firstsnow-palmer-square-park /2015/01/04/here-it-is-firstsnow-at-palmer-square-park
Redirect 301 /heritage-walk-inner-harbor /2014/04/02/heritage-walk-at-inner-harbor
Redirect 301 /hiking-trail-taken-instagram-shawnee-national-forest /2012/07/14/hiking-trail-taken-with-instagram-at-shawnee-national-forest
Redirect 301 /hiking-warren-dunes-state-park /2013/06/16/hiking-at-warren-dunes-state-park
Redirect 301 /holy-shit-wizarding-world-harry-potter-–-diagon-alley /2016/02/06/holy-shit-at-the-wizarding-world-of-harry-potter-diagon-alley
Redirect 301 /honeycomb-nature-boardwalk /2013/08/10/honeycomb-at-nature-boardwalk
Redirect 301 /house-music-dance-party-over-lunch-housemusicallnightlong-chicago-cultural-center /2015/11/20/house-music-dance-party-over-lunch-housemusicallnightlong-at-chicago-cultural-center
Redirect 301 /hug-taken-instagram /2012/06/14/hug-taken-with-instagram
Redirect 301 /i-don’t-know-how-old-i-was-here-how-adorable-was-i-throwbackthursday-tbt /2012/10/18/i-dont-know-how-old-i-was-here-but-how-adorable-was-i-throwbackthursday-tbt
Redirect 301 /i-freaking-hate-place /2012/02/28/i-freaking-hate-this-place
Redirect 301 /i-never-though-i-would-i-did-and-it-was-so-much-fun-mcn2014-cowboys-red-river /2014/11/21/i-never-though-i-would-but-i-did-and-it-was-so-much-fun-mcn2014-at-cowboys-red-river
Redirect 301 /i-still-live-here-sampler /2010/09/19/i-still-live-here-sampler
Redirect 301 /indigo-chicago-cultural-center /2013/01/25/indigo-at-chicago-cultural-center
Redirect 301 /information-services-halloween-art-institute-chicago-administrative-offices /2012/10/31/information-services-halloween-at-art-institute-of-chicago-administrative-offices
Redirect 301 /it’s-kind-dosa-not-really /2013/11/09/its-kind-of-like-dosa-but-not-really
Redirect 301 /i’m-so-mesmerized-anything-remotely-connected-mountains-suchamidwesterner-cuyahoga-valley-national-p /2013/07/19/im-so-mesmerized-by-anything-remotely-connected-to-mountains-suchamidwesterner-at-cuyahoga-valley-national-park
Redirect 301 /i’m-so-mesmerized-mountains-suchamidwesterner /2012/03/18/im-so-mesmerized-by-mountains-suchamidwesterner
Redirect 301 /i’m-windows-8-i’m-so-craloading…fty-halloween-costume-art-institute-chicago-administrative-offices /2013/10/31/im-windows-8-im-so-craloadingfty-halloween-costume-at-art-institute-of-chicago-administrative-offices
Redirect 301 /i’m-working-mapping-where-all-my-clothes-were-made-httpwwwnikhiltrivedicomwhere-my-clothes-were-made /2013/05/21/im-working-on-mapping-where-all-my-clothes-were-made-http-www-nikhiltrivedi-com-where-my-clothes-were-made-madein-bangladesh-globalization-consumerism-wiwt
Redirect 301 /joshua-tree-taken-instagram-joshua-tree-national-park /2012/04/16/joshua-tree-taken-with-instagram-at-joshua-tree-national-park
Redirect 301 /jumping-back-out-rabbit-hole-hickory-lane-bistro /2013/11/28/jumping-back-out-of-the-rabbit-hole-at-hickory-lane-bistro
Redirect 301 /kale-curry /2012/02/25/kale-curry
Redirect 301 /kamala-khan-basically-12-year-old-me-msmarvel /2015/07/04/kamala-khan-is-basically-12-year-old-me-msmarvel
Redirect 301 /kishi-bashi-taken-instagram-great-scott /2012/07/30/kishi-bashi-taken-with-instagram-at-great-scott
Redirect 301 /lake-michigan-rarely-choppy-montrose-beach /2012/10/29/lake-michigan-is-rarely-this-choppy-at-montrose-beach
Redirect 301 /last-day-movember-and-no-curls-i’ll-need-get-head-start-next-year-you-still-have-time-make-donation /2012/11/30/last-day-of-movember-and-no-curls-ill-need-to-get-a-head-start-next-year-but-you-still-have-time-to-make-a-donation-for-mens-health-http-mobro-co-nikhiltri
Redirect 301 /late-diwali-some-friends-and-my-first-rangoli /2014/10/30/late-diwali-with-some-friends-and-my-first-rangoli
Redirect 301 /laying-down-snow-seriously-seriously-big-rock /2014/02/16/laying-down-in-snow-seriously-seriously-at-big-rock
Redirect 301 /le-butcherettes-taken-instagram-subterranean /2012/06/02/le-butcherettes-taken-with-instagram-at-subterranean
Redirect 301 /leaves-and-sky-palmer-square-park /2013/07/06/leaves-and-sky-at-palmer-square-park
Redirect 301 /leftovers /2012/11/23/leftovers
Redirect 301 /les-claypool-illustration /2002/01/09/les-claypool-illustration
Redirect 301 /life-was-so-much-easier-when-i-was-line-drawing /2010/11/30/life-was-so-much-easier-when-i-was-a-line-drawing
Redirect 301 /lights-and-snow /2013/12/14/lights-and-snow
Redirect 301 /limestone-peninsula-state-park /2013/07/13/limestone-at-peninsula-state-park
Redirect 301 /lines-taken-instagram-musée-du-louvre /2012/09/19/lines-taken-with-instagram-at-muse-du-louvre
Redirect 301 /lobster-hash-ohmygoodness /2012/03/03/lobster-hash-ohmygoodness
Redirect 301 /locks-pont-des-arts-taken-instagram-pont-des-arts /2012/09/21/locks-on-pont-des-arts-taken-with-instagram-at-pont-des-arts
Redirect 301 /lol-i-love-my-mom-taken-instagram /2012/05/17/lol-i-love-my-mom-taken-with-instagram
Redirect 301 /lookingup-asado-coffee-pickwick-lane /2015/08/25/lookingup-at-asado-coffee-pickwick-lane
Redirect 301 /lunch-blue-hen-falls /2013/07/19/lunch-at-blue-hen-falls
Redirect 301 /lunch-john-g-shedd-aquarium /2013/05/07/lunch-at-john-g-shedd-aquarium
Redirect 301 /lunch-north-garden /2013/05/31/lunch-at-north-garden
Redirect 301 /lunch-time /2012/02/29/lunch-time
Redirect 301 /lunchtime-taken-instagram-grant-park-rose-gardens /2012/06/21/lunchtime-taken-with-instagram-at-grant-park-rose-gardens
Redirect 301 /madein-bangladesh-check-out-map-where-all-my-clothes-were-manufactured-httpwwwflickrcomphotosnikhilt /2013/05/02/madein-bangladesh-check-out-a-map-of-where-all-my-clothes-were-manufactured-http-www-flickr-com-photos-nikhiltri-sets-72157633372250545-map-inprogress-wiwt
Redirect 301 /masala-soda-break-art-institute-chicago-administrative-offices /2014/07/29/masala-soda-break-at-art-institute-of-chicago-administrative-offices
Redirect 301 /masrayana-sampler-nikhil-trivedi /2005/11/07/masrayana-sampler-by-nikhil-trivedi
Redirect 301 /me-about-18-months-oh-my-goooods-throwbackthursday-tbt-anactualpolaroid /2012/10/18/me-at-about-18-months-oh-my-goooods-throwbackthursday-tbt-anactualpolaroid
Redirect 301 /melting-pond-sunset-clarkston-mill-pond /2014/04/05/melting-pond-at-sunset-at-clarkston-mill-pond
Redirect 301 /memory-aparna-sharma /2013/02/11/in-memory-of-aparna-sharma
Redirect 301 /menswear-la-maison-ogilvy /2013/11/21/menswear-at-la-maison-ogilvy
Redirect 301 /minneapolis-birch-mcn2015-walker-art-center /2015/11/07/minneapolis-birch-mcn2015-at-walker-art-center
Redirect 301 /monsoon-rains-coming-taken-instagram-philipkutty’s-farm /2012/08/15/monsoon-rains-coming-taken-with-instagram-at-philipkuttys-farm
Redirect 301 /more-fun-exploritorium /2013/01/19/more-fun-at-exploritorium
Redirect 301 /morning-hike-and-breakfast-buddy-devil’s-lake-state-park /2016/03/11/morning-hike-and-breakfast-with-buddy-at-devils-lake-state-park
Redirect 301 /morning-hike-taken-instagram-rock-cut-state-park /2012/06/10/morning-hike-taken-with-instagram-at-rock-cut-state-park
Redirect 301 /morning-run-taken-instagram-jardin-du-luxembourg /2012/09/16/morning-run-taken-with-instagram-at-jardin-du-luxembourg
Redirect 301 /mountains-suchamidwesterner-taken-instagram-rocky-mountain-park /2012/03/26/mountains-suchamidwesterner-taken-with-instagram-at-rocky-mountain-park
Redirect 301 /movember-information-services-art-institute-chicago-administrative-offices /2012/11/21/movember-in-information-services-at-art-institute-of-chicago-administrative-offices
Redirect 301 /msu-journal-medicine-and-law-cover-design /2004/05/01/msu-journal-of-medicine-and-law-cover-design
Redirect 301 /museums-and-blacklivesmatter /2014/12/12/museums-and-blacklivesmatter
Redirect 301 /my-3-year-old-niece-learning-how-text /2013/01/06/my-3-year-old-niece-is-learning-how-to-text
Redirect 301 /my-niece-nikhita-happy-easter-taken-instagram /2012/04/08/my-niece-nikhita-happy-easter-taken-with-instagram
Redirect 301 /my-workspace-giant-snow-globe-art-institute-chicago-administrative-offices /2013/01/24/my-workspace-is-a-giant-snow-globe-at-art-institute-of-chicago-administrative-offices
Redirect 301 /national-nurses-united-rally-nato-peaceful-nonviolent-taken-instagram-daley-plaza /2012/05/18/national-nurses-united-rally-nato-peaceful-nonviolent-taken-with-instagram-at-daley-plaza
Redirect 301 /navratri /2012/10/22/navratri
Redirect 301 /navratri-9-nights-liberation /2011/10/05/navratri-9-nights-for-liberation
Redirect 301 /navratri-and-ending-sexism-and-male-domination /2012/10/23/navratri-and-ending-sexism-and-male-domination
Redirect 301 /new-year’s-day-beach-blessings-warren-dunes-state-park /2015/01/01/new-years-day-beach-blessings-at-warren-dunes-state-park
Redirect 301 /nice-taken-instagram-wrigley-field /2012/06/14/nice-taken-with-instagram-at-wrigley-field
Redirect 301 /no-sitting-only-cappuccino-latergram-bus-747 /2013/11/15/no-sitting-only-cappuccino-latergram-at-bus-747
Redirect 301 /not-bad-dallas-mcn2014-klyde-warren-park /2014/11/20/not-bad-dallas-mcn2014-at-klyde-warren-park
Redirect 301 /not-bad-if-i-don’t-say-so-drawsomething /2013/03/07/not-bad-if-i-dont-say-so-drawsomething
Redirect 301 /not-greatest-space-it-it’s-something-hotelyoga /2013/11/21/not-the-greatest-space-for-it-but-its-something-hotelyoga
Redirect 301 /obsolete-cta-monroe-blue /2012/12/04/obsolete-at-cta-monroe-blue
Redirect 301 /ocotillo-bloom-taken-instagram-joshua-tree-national-park /2012/04/16/ocotillo-in-bloom-taken-with-instagram-at-joshua-tree-national-park
Redirect 301 /oh-just-trekking-elephants-mountainous-jungle-taken-instagram-periyar-tiger-reserve /2012/08/19/oh-just-trekking-for-elephants-in-a-mountainous-jungle-taken-with-instagram-at-periyar-tiger-reserve
Redirect 301 /ok-was-kinda-fun-mcn2014-nasher-sculpture-museum /2014/11/21/ok-that-was-kinda-fun-mcn2014-at-nasher-sculpture-museum
Redirect 301 /one-billion-women-violated-atrocity-one-billion-women-dancing-revolution-today-i-rise-1billionrising /2013/02/14/one-billion-women-violated-is-an-atrocity-one-billion-women-dancing-is-a-revolution-today-i-rise-1billionrising-http-t-co-dswdcjyt-at-richard-j-daley-center
Redirect 301 /one-my-better-drawsomething-moments-taken-instagram /2012/07/12/one-of-my-better-drawsomething-moments-taken-with-instagram
Redirect 301 /only-art-school-taken-instagram-sonny’s-cafe /2012/04/18/only-in-an-art-school-taken-with-instagram-at-sonnys-cafe
Redirect 301 /oppression-primer-museums /2015/08/10/an-oppression-primer-for-museums
Redirect 301 /our-fish-tank-work-art-institute-chicago-administrative-offices /2013/04/24/our-fish-tank-at-work-at-art-institute-of-chicago-administrative-offices
Redirect 301 /our-sys-admin’s-whole-office-looks-archives-museums /2014/08/14/our-sys-admins-whole-office-looks-like-this-archives-museums
Redirect 301 /perfect-blue-taken-instagram-getty-center /2012/04/15/perfect-blue-taken-with-instagram-at-the-getty-center
Redirect 301 /perfect-grant-park /2015/05/18/perfect-at-grant-park
Redirect 301 /performance-announcement-i-still-live-here /2010/09/20/performance-announcement-i-still-live-here
Redirect 301 /personal-website /2003/09/15/personal-website
Redirect 301 /picture-frame-taken-instagram-getty-center /2012/04/15/picture-frame-taken-with-instagram-at-the-getty-center
Redirect 301 /pipe-shadow-art-institute-chicago-administrative-offices /2013/02/01/pipe-shadow-at-art-institute-of-chicago-administrative-offices
Redirect 301 /playing-memory-beach-lake-geneva-beach /2014/07/04/playing-memory-at-the-beach-at-lake-geneva-beach
Redirect 301 /pneumatic-tubes-mcn2012 /2012/11/09/pneumatic-tubes-mcn2012
Redirect 301 /pop-picnic-taken-instagram-chicago-white-2012 /2012/08/25/pop-up-picnic-taken-with-instagram-at-chicago-in-white-2012
Redirect 301 /pop-picnic-taken-instagram-chicago-white-2012-0 /2012/08/25/pop-up-picnic-taken-with-instagram-at-chicago-in-white-2012
Redirect 301 /poppy-taken-instagram-lurie-garden /2012/05/14/poppy-taken-with-instagram-at-lurie-garden
Redirect 301 /post-beach /2012/03/02/post-beach
Redirect 301 /post-hike-through-cave-parque-nacional-de-este /2013/04/15/post-hike-through-a-cave-at-parque-nacional-de-este
Redirect 301 /post-run-beach-time-fort-lauderdale-beach-sunrise-boulevard /2013/12/21/post-run-beach-time-at-fort-lauderdale-beach-sunrise-boulevard
Redirect 301 /post-tennis-beach-time-beach-pompano-beach /2013/12/24/post-tennis-beach-time-at-the-beach-pompano-beach
Redirect 301 /prairie-midewin-national-tallgrass-prairie /2013/06/23/prairie-at-midewin-national-tallgrass-prairie
Redirect 301 /pregnant-couture-woman-metro-la-ligne-orange-2 /2013/11/16/pregnant-couture-woman-at-metro-la-ligne-orange-2
Redirect 301 /protest-war-facebook /2010/01/31/protest-the-war-on-facebook
Redirect 301 /purple-cabbage /2014/12/13/purple-cabbage
Redirect 301 /purple-red-orange-and-green-bell-peppers-yum-taken-instagram /2012/09/30/purple-red-orange-and-green-bell-peppers-yum-taken-with-instagram
Redirect 301 /rainbow-lake-shore-drive-walking-pathway /2013/07/06/rainbow-at-lake-shore-drive-walking-pathway
Redirect 301 /raj-kapoor-ish-guys-get-your-annual-checkup-month-and-make-donation-prostate-and-testicular-cancer-h /2012/11/13/raj-kapoor-ish-guys-get-your-annual-checkup-this-month-and-make-a-donation-for-prostate-and-testicular-cancer-http-mobro-co-nikhiltri-movember
Redirect 301 /rapevictimadv-burger-month-saam-yum-kuma’s-corner /2014/04/18/rapevictimadv-burger-of-the-month-saam-yum-at-kumas-corner
Redirect 301 /ravi-shankar-my-complicated-connection-man-and-his-music /2012/12/17/ravi-shankar-my-complicated-connection-with-a-man-and-his-music
Redirect 301 /resume /2008/12/21/nikhil-trivedi
Redirect 301 /roadtrip-pa-lightstreet-pennsylvania /2014/06/14/roadtrip-pa-at-lightstreet-pennsylvania
Redirect 301 /roasted-honey-ginger-pear-funwithbreakfast-yum-autumn-taken-instagram /2012/10/02/roasted-honey-ginger-pear-funwithbreakfast-yum-autumn-taken-with-instagram
Redirect 301 /rollin-river /2012/03/14/rollin-on-the-river
Redirect 301 /roots-parque-nacional-de-este /2013/04/15/roots-at-parque-nacional-de-este
Redirect 301 /sage-prayers-and-thankfulness-happy-autumnal-equinox-fullerton-beach-lincoln-park /2014/09/22/sage-prayers-and-thankfulness-happy-autumnal-equinox-at-fullerton-beach-lincoln-park
Redirect 301 /shrikhand-birthday-cake /2013/08/11/shrikhand-birthday-cake
Redirect 301 /shrimp-and-blue-crab-chile-rellenos-taken-instagram-sweet-basil /2012/03/24/shrimp-and-blue-crab-chile-rellenos-taken-with-instagram-at-sweet-basil
Redirect 301 /shubh-navratri /2012/10/22/shubh-navratri
Redirect 301 /skatingaboutmuseums-maggie-daley-park-ice-skating-ribbon /2015/02/17/skatingaboutmuseums-at-maggie-daley-park-ice-skating-ribbon
Redirect 301 /sketches-arthistorymusic /2013/02/13/sketches-by-arthistorymusic
Redirect 301 /slice-sky-outside-my-office-window /2014/04/22/the-slice-of-sky-outside-my-office-window
Redirect 301 /snow /2012/02/24/snow
Redirect 301 /snow-day /2014/02/01/snow-day
Redirect 301 /solidarity-red-wiwt-solidarity-ctustrike-faircontractnow-taken-instagram /2012/09/13/solidarity-red-wiwt-solidarity-ctustrike-faircontractnow-taken-with-instagram
Redirect 301 /sooparstaar-amitabh-teachyourselfgujarati-taken-instagram /2012/06/20/sooparstaar-amitabh-teachyourselfgujarati-taken-with-instagram
Redirect 301 /soup-dumplings-taken-instagram-shanghai-café /2012/10/13/soup-dumplings-taken-with-instagram-at-shanghai-caf
Redirect 301 /space-needle-space-needle /2012/11/09/space-needle-at-space-needle
Redirect 301 /stache-coming-movember-average-age-men-diagnosed-prostate-cancer-67-do-you-know-man-his-60’s-do-you /2012/11/05/stache-coming-in-for-movember-the-average-age-of-men-diagnosed-with-prostate-cancer-is-67-do-you-know-a-man-in-his-60s-do-you-know-when-his-last-checkup-was-ask
Redirect 301 /strawberry-and-beet-salad-almond-and-fennel-drool-taken-instagram-mccrady’s /2012/04/30/strawberry-and-beet-salad-with-almond-and-fennel-drool-taken-with-instagram-at-mccradys
Redirect 301 /style-your-site-mobile-drupal-5-and-css /2012/03/15/style-your-site-for-mobile-with-drupal-5-and-css
Redirect 301 /summer-taken-instagram-milwaukee-ave-art-fest-2012 /2012/07/20/summer-taken-with-instagram-at-milwaukee-ave-art-fest-2012
Redirect 301 /summertimechi-nofilter-lurie-garden /2015/07/24/summertimechi-nofilter-at-the-lurie-garden
Redirect 301 /sun-playing-peekaboo-indiana-dunes-national-lakeshore /2013/06/29/sun-playing-peekaboo-at-indiana-dunes-national-lakeshore
Redirect 301 /sunbeams-over-paris-taken-instagram-basilique-du-sacré-cœur /2012/09/19/sunbeams-over-paris-taken-with-instagram-at-basilique-du-sacr-cur
Redirect 301 /sunset-latergram-platte-point /2013/09/14/sunset-latergram-at-platte-point
Redirect 301 /sunset-parc-du-mont-royal /2013/11/16/sunset-at-parc-du-mont-royal
Redirect 301 /sunset-peninsula-state-park /2013/07/13/sunset-at-peninsula-state-park
Redirect 301 /sunset-taken-instagram-patriots-point-links /2012/04/29/sunset-taken-with-instagram-at-patriots-point-links
Redirect 301 /supermoon-fullerton-beach /2013/06/23/supermoon-at-fullerton-beach
Redirect 301 /swamp-hiking /2012/03/05/swamp-hiking
Redirect 301 /taaaaaaall-trees-taken-instagram-congaree-national-park /2012/04/30/taaaaaaall-trees-taken-with-instagram-at-congaree-national-park
Redirect 301 /taken-instagram-1 /2012/10/14/taken-with-instagram
Redirect 301 /taken-instagram-musée-d’orsay /2012/09/19/taken-with-instagram-at-muse-dorsay
Redirect 301 /text-my-ignite-talk-mcn-2015 /2015/11/05/text-from-my-ignite-talk-at-mcn-2015
Redirect 301 /today-yours-use-it-taken-instagram-california-blue-line-cta /2012/04/11/today-is-yours-use-it-taken-with-instagram-at-california-blue-line-cta
Redirect 301 /towards-anti-oppression-museum-manifesto /2014/12/04/towards-an-anti-oppression-museum-manifesto
Redirect 301 /trout-yum-taken-instagram-ruxbin-kitchen /2012/04/26/trout-yum-taken-with-instagram-at-ruxbin-kitchen
Redirect 301 /tuna-curry /2012/02/25/tuna-curry
Redirect 301 /turquoise-water-isla-saona /2013/04/19/turquoise-water-at-isla-saona
Redirect 301 /very-detailed-menu-taken-instagram-sankalp /2012/07/07/a-very-detailed-menu-taken-with-instagram-at-sankalp
Redirect 301 /vigil-mikebrown-yesterday-blacklivesmatter-thanks-photo-msjoyluckclub /2014/08/15/at-the-vigil-for-mikebrown-yesterday-blacklivesmatter-thanks-for-the-photo-msjoyluckclub
Redirect 301 /violent-military-force-not-party /2011/05/05/violent-military-force-is-not-a-party
Redirect 301 /voices-around-town-flyer /2010/05/24/voices-around-town-flyer
Redirect 301 /walls-men’s-bathroom-stalls-have-gotten-much-more-pleasant-new-wave-coffee /2014/07/05/walls-in-mens-bathroom-stalls-have-gotten-much-more-pleasant-at-new-wave-coffee
Redirect 301 /was-good /2012/03/19/that-was-good
Redirect 301 /was-wild-taken-instagram-tempur-pedic-imax-3d-theatre /2012/07/28/this-was-wild-taken-with-instagram-at-tempur-pedic-imax-3d-theatre
Redirect 301 /watching-pelicans-dive-food-mw2012-taken-instagram-harbor-island /2012/04/13/watching-pelicans-dive-for-food-mw2012-taken-with-instagram-at-harbor-island
Redirect 301 /waves-and-clouds-sleeping-bear-dunes-national-park /2013/09/15/waves-and-clouds-at-sleeping-bear-dunes-national-park
Redirect 301 /we-had-electricity-free-night-last-night /2015/02/04/we-had-an-electricity-free-night-last-night
Redirect 301 /web-consulting-services /2010/01/17/web-consulting-services
Redirect 301 /what-oppropriationofindigenousculture-exotification-racism-colonialism-taken-instagram-decade /2012/03/26/what-is-this-oppropriationofindigenousculture-exotification-racism-colonialism-taken-with-instagram-at-decade
Redirect 301 /what-spring-looks /2015/02/27/is-that-what-spring-looks-like
Redirect 301 /where-my-clothes-were-made /2013/05/19/where-my-clothes-were-made
Redirect 301 /white-oak-trees-lake-kegonsa-state-park /2013/09/01/white-oak-trees-at-lake-kegonsa-state-park
Redirect 301 /wildcrafting-last-night /2014/08/03/wildcrafting-last-night
Redirect 301 /will-i-get-curl-wisp-i’ve-got-week-and-so-do-you-make-donations-men’s-health-httpmobroconikhiltri /2012/11/27/will-i-get-a-curl-a-wisp-ive-got-a-week-and-so-do-you-to-make-a-donations-for-mens-health-http-mobro-co-nikhiltri
Redirect 301 /will-power-taken-instagram /2012/06/19/will-power-taken-with-instagram
Redirect 301 /winter-hike-bullfrog-lake /2013/02/02/winter-hike-at-bullfrog-lake
Redirect 301 /wiwt /2012/03/19/wiwt
Redirect 301 /wiwt-chugchug-geealbers /2015/03/13/wiwt-chugchug-geealbers
Redirect 301 /wiwt-taken-instagram /2012/04/03/wiwt-taken-with-instagram
Redirect 301 /wiwt-taken-instagram-0 /2012/08/29/wiwt-taken-with-instagram
Redirect 301 /wtf /2012/03/03/wtf
Redirect 301 /wtf-linked-open-data /2014/07/22/wtf-is-linked-open-data
Redirect 301 /xx-aragon-entertainment-center /2013/09/26/the-xx-at-aragon-entertainment-center
Redirect 301 /yeah-maybe-mcn2012 /2012/11/08/yeah-maybe-mcn2012
Redirect 301 /year-2013-review /2013/12/31/year-2013-in-review
Redirect 301 /you-are-not-alone-you-are-enough-your-story-matters-and-yes-and-yesyou-can-fly-love-sharon-bridgfort /2014/10/10/you-are-not-alone-you-are-enough-your-story-matters-and-yes-and-yes-you-can-fly-love-sharon-bridgforth
Redirect 301 /you’re-gonna-miss-me-when-i’m-gone-millennium-park /2014/03/12/youre-gonna-miss-me-when-im-gone-at-millennium-park
Redirect 301 /yum-taken-instagram-underbelly /2012/04/12/yum-taken-with-instagram-at-underbelly
Redirect 301 /“ask-me-about-internet-bourgeois-pig /2013/05/24/ask-me-about-the-internet-at-bourgeois-pig
Redirect 301 /“i’ve-been-thinking-about-you-you-know-do-you-think-about-me-still-or-do-you-not-think-so-far-ahead /2012/07/18/ive-been-thinking-about-you-you-know-do-you-think-about-me-still-or-do-you-not-think-so-far-ahead-cause-ive-been-thinking-about-forever-taken-with-instagram
Redirect 301 /“use-wizards-create-letters”-circa-1993 /2013/02/22/use-wizards-to-create-letters-circa-1993
Redirect 301 /“women-are-not-outside-your-entertainment”-endstreetharassment-logan-square-chicago /2015/11/08/women-are-not-outside-for-your-entertainment-endstreetharassment-at-logan-square-chicago
Redirect 301 /content/1-week-back /2003/12/30/1-week-back
Redirect 301 /content/1-year /2008/07/18/1-year
Redirect 301 /content/2-weeks-back /2004/01/09/2-weeks-back
Redirect 301 /content/afghan-airstrike /2006/05/23/afghan-airstrike
Redirect 301 /content/african-drumming-high-school /2007/04/02/african-drumming-in-high-school
Redirect 301 /content/afrika-bam /2004/07/26/afrika-bam
Redirect 301 /content/after-quake /2006/01/30/after-the-quake
Redirect 301 /content/alien-vs-predator /2004/08/30/alien-vs-predator
Redirect 301 /content/and-were-back /2003/10/30/and-were-back
Redirect 301 /content/approx-12-hours-remaining /2003/11/29/approx-12-hours-remaining
Redirect 301 /content/are-you-white /2004/03/04/are-you-white
Redirect 301 /content/art /2008/11/22/art
Redirect 301 /content/back-chi /2005/04/18/back-in-the-chi
Redirect 301 /content/back-da-diary-uh /2004/01/13/back-to-da-diary-uh
Redirect 301 /content/back-home /2006/01/06/back-home
Redirect 301 /content/back-saddle-again /2004/06/15/back-in-the-saddle-again
Redirect 301 /content/bhangra-fusion-3-stage-set /2002/01/25/bhangra-fusion-3-stage-set
Redirect 301 /content/bilaskhani-todi /2005/11/15/bilaskhani-todi
Redirect 301 /content/black-white-or-whatever /2008/10/14/black-white-or-whatever
Redirect 301 /content/blog-usability /2006/06/21/blog-usability
Redirect 301 /content/bolo /2004/02/24/bolo
Redirect 301 /content/borat-racist /2006/12/01/borat-is-racist
Redirect 301 /content/brahmin-samaj-convention /2004/07/05/brahmin-samaj-convention
Redirect 301 /content/bridge-india-sri-lanka /2005/10/25/bridge-from-india-to-sri-lanka
Redirect 301 /content/brokeback-mountain /2006/02/10/brokeback-mountain
Redirect 301 /content/bug-me-not /2005/11/09/bug-me-not
Redirect 301 /content/buyblueorg /2006/07/10/buyblue-org
Redirect 301 /content/cemcho-majama /2005/12/16/cemcho-majama
Redirect 301 /content/characters-color-played-white-people /2006/06/28/characters-of-color-played-by-white-people
Redirect 301 /content/chemical-attack-mosque-ohio /2008/09/30/chemical-attack-on-mosque-in-ohio
Redirect 301 /content/chori-chori-chupke-chupke /2007/05/31/chori-chori-chupke-chupke
Redirect 301 /content/closer-home /2005/01/03/closer-to-home
Redirect 301 /content/coming-close /2005/12/28/coming-to-a-close
Redirect 301 /content/communal-harmony-through-music /2005/06/08/communal-harmony-through-music
Redirect 301 /content/content-management-systems /2006/06/09/content-management-systems
Redirect 301 /content/crazy /2005/10/11/crazy
Redirect 301 /content/credit-card-junk-mail /2006/03/28/credit-card-junk-mail
Redirect 301 /content/da-weekend /2006/04/24/da-weekend
Redirect 301 /content/da-weekend-0 /2006/06/27/da-weekend
Redirect 301 /content/damn-go-red-sox /2004/10/20/damn-go-red-sox
Redirect 301 /content/dancetropolis /2005/04/07/dancetropolis
Redirect 301 /content/dang-nabbit /2005/05/31/dang-nabbit
Redirect 301 /content/day-1 /2003/12/02/day-1
Redirect 301 /content/day-2 /2003/12/03/day-2
Redirect 301 /content/day-3 /2003/12/03/day-3
Redirect 301 /content/day-4n /2003/12/09/day-4-n
Redirect 301 /content/define-privilege /2006/07/13/define-privilege
Redirect 301 /content/delicious /2006/04/25/del-icio-us
Redirect 301 /content/dhrupad-vs-khayal /2005/05/16/dhrupad-vs-khayal
Redirect 301 /content/diamonds /2006/10/05/diamonds
Redirect 301 /content/dudes-funny /2004/02/12/this-dudes-funny
Redirect 301 /content/emacs-mug /2006/12/21/emacs-mug
Redirect 301 /content/engagement-and-drama /2006/10/25/engagement-and-drama
Redirect 301 /content/engagement-photo /2006/12/05/engagement-photo
Redirect 301 /content/eucharist-and-prasad /2006/08/28/eucharist-and-prasad
Redirect 301 /content/femi-kuti /2005/07/12/femi-kuti
Redirect 301 /content/freebird /2005/09/08/freebird
Redirect 301 /content/friend-beirut /2006/07/26/friend-in-beirut
Redirect 301 /content/gameboy-music /2005/04/06/gameboy-music
Redirect 301 /content/going-farm /2006/09/08/going-to-a-farm
Redirect 301 /content/google-gave-me-add /2004/11/11/google-gave-me-add
Redirect 301 /content/google-maps-hacks /2005/05/26/google-maps-hacks
Redirect 301 /content/google-sms /2005/07/14/google-sms
Redirect 301 /content/green-spot-sun /2007/01/29/green-spot-on-the-sun
Redirect 301 /content/gut-instincts /2006/02/17/gut-instincts
Redirect 301 /content/happy-birthday-bob-marley /2006/02/06/happy-birthday-bob-marley
Redirect 301 /content/happy-hallow-spleen /2003/10/31/happy-hallow-spleen
Redirect 301 /content/harassment /2006/05/16/harassment
Redirect 301 /content/his-name-steve-bartman /2003/10/15/his-name-is-steve-bartman
Redirect 301 /content/history-indian-classical-music /2005/05/12/history-of-indian-classical-music
Redirect 301 /content/holy-crap /2005/11/30/holy-crap
Redirect 301 /content/hot-date-idea /2006/06/23/hot-date-idea
Redirect 301 /content/house-chicagos-hip-hop /2006/11/17/house-chicagos-hip-hop
Redirect 301 /content/houses-fire-and-trains /2006/07/13/houses-fire-and-trains
Redirect 301 /content/i-forgot-what-sidewalk-looks /2004/09/09/i-forgot-what-the-sidewalk-looks-like
Redirect 301 /content/i-got-bike /2007/05/31/i-got-a-bike
Redirect 301 /content/i-lost-my-orange-hat /2006/10/26/i-lost-my-orange-hat
Redirect 301 /content/i-miss-india /2004/08/10/i-miss-india
Redirect 301 /content/i-must-have-been-adorable-kid /2004/08/26/i-must-have-been-an-adorable-kid
Redirect 301 /content/ibm-employee-turned-public-school-teacher /2005/09/16/ibm-employee-turned-public-school-teacher
Redirect 301 /content/indian-classical-music-post-partition /2006/03/14/indian-classical-music-post-partition
Redirect 301 /content/irony /2005/10/07/irony
Redirect 301 /content/it-begins /2004/12/20/it-begins
Redirect 301 /content/it-took-you-make-me-realize /2005/05/06/it-took-you-to-make-me-realize
Redirect 301 /content/italian-job-sucked /2004/06/28/italian-job-sucked
Redirect 301 /content/its /2004/04/06/its-on
Redirect 301 /content/its-0 /2004/04/16/its-on
Redirect 301 /content/its-1 /2005/01/31/its-on
Redirect 301 /content/its-quiet-northside /2005/10/28/its-quiet-on-the-northside
Redirect 301 /content/its-really-over /2006/01/17/its-really-over
Redirect 301 /content/jeff-award /2006/06/06/jeff-award
Redirect 301 /content/jeff-award-nomination /2006/05/08/jeff-award-nomination
Redirect 301 /content/kabhi-alvida-naa-kehna /2006/09/05/kabhi-alvida-naa-kehna
Redirect 301 /content/karsh-muthafin-kale /2004/03/09/karsh-muthafin-kale
Redirect 301 /content/key-happiness /2003/10/07/the-key-to-happiness
Redirect 301 /content/koi-mil-gaya-and-afrika-bambaataa /2007/05/31/koi-mil-gaya-and-afrika-bambaataa
Redirect 301 /content/kushal-das-was-awesome /2003/09/22/kushal-das-was-awesome
Redirect 301 /content/language-form-violence /2006/02/16/language-as-a-form-of-violence
Redirect 301 /content/liars-club /2004/02/16/liars-club
Redirect 301 /content/lots-music /2004/08/18/lots-of-music
Redirect 301 /content/lunar-eclipse-weekend /2003/11/07/lunar-eclipse-this-weekend
Redirect 301 /content/maahaul /2008/10/15/maahaul
Redirect 301 /content/macys-day-music /2006/09/18/macys-day-of-music
Redirect 301 /content/many-prayers /2006/07/19/many-prayers
Redirect 301 /content/masculinity /2006/06/05/masculinity
Redirect 301 /content/michigan-and-responses /2006/08/29/michigan-and-responses
Redirect 301 /content/military-and-mental-health /2007/01/04/the-military-and-mental-health
Redirect 301 /content/minority-artists /2006/03/17/minority-artists
Redirect 301 /content/misogyny-hip-hop-and-racism /2007/04/25/misogyny-hip-hop-and-racism
Redirect 301 /content/mmmmm-yea /2003/10/21/mmmmm-yea
Redirect 301 /content/more-meets-eye /2004/06/17/more-than-meets-the-eye
Redirect 301 /content/music-instrument-hero /2005/06/23/music-instrument-in-hero
Redirect 301 /content/music-not-exotic /2007/05/31/this-music-is-not-exotic
Redirect 301 /content/musical-genomes /2005/10/13/musical-genomes
Redirect 301 /content/my-moms-dilruba /2005/11/03/my-moms-dilruba
Redirect 301 /content/navaratri-bbc /2005/09/28/navaratri-on-bbc
Redirect 301 /content/new-brain-drain /2006/12/07/the-new-brain-drain
Redirect 301 /content/nikhil-banerjee /2005/10/19/nikhil-banerjee
Redirect 301 /content/nine-inch-nails /2005/05/09/nine-inch-nails
Redirect 301 /content/nirvana /2007/06/27/nirvana
Redirect 301 /content/no-more-prisons /2006/04/11/no-more-prisons
Redirect 301 /content/no-more-tamales /2006/08/11/no-more-tamales
Redirect 301 /content/oh-nagraj /2005/10/05/oh-that-nagraj
Redirect 301 /content/pat-buchanan-moron /2007/05/31/pat-buchanan-is-a-moron
Redirect 301 /content/patrick-swayzes-man /2004/04/08/patrick-swayzes-the-man
Redirect 301 /content/peace-festival-ny /2006/06/02/peace-festival-in-ny
Redirect 301 /content/pics-are-back-line /2006/09/14/pics-are-back-on-line
Redirect 301 /content/pics-peace-fest /2006/06/07/pics-from-peace-fest
Redirect 301 /content/planet-read /2006/02/22/planet-read
Redirect 301 /content/pro-abortion /2008/10/15/pro-abortion
Redirect 301 /content/raina-foundation /2006/09/15/raina-foundation
Redirect 301 /content/ramayana /2005/07/20/ramayana
Redirect 301 /content/rape-and-race /2006/05/19/rape-and-race
Redirect 301 /content/rasaka-theatre-company /2008/10/15/rasaka-theatre-company
Redirect 301 /content/real-hip-hop-over-here /2005/03/23/the-real-hip-hop-is-over-here
Redirect 301 /content/recent-readings /2007/08/16/recent-readings
Redirect 301 /content/remember-shakti-chicago-theater /2003/09/24/remember-shakti-chicago-theater
Redirect 301 /content/rip-tower-records /2006/12/12/rip-tower-records
Redirect 301 /content/rjd2 /2004/05/26/rjd2
Redirect 301 /content/salt-stain-mary /2005/04/26/salt-stain-mary
Redirect 301 /content/satellite-photos /2005/01/11/satellite-photos
Redirect 301 /content/saturns-moon /2005/09/01/saturns-moon
Redirect 301 /content/say-no-plastic /2005/11/07/say-no-to-plastic
Redirect 301 /content/schneider-baby /2005/03/30/schneider-baby
Redirect 301 /content/semi-monthly-geek-post /2006/02/21/the-semi-monthly-geek-post
Redirect 301 /content/sex-workers-cambodia /2006/03/06/sex-workers-in-cambodia
Redirect 301 /content/sexyback /2006/10/10/sexyback
Redirect 301 /content/shubh-diwali /2005/11/01/shubh-diwali
Redirect 301 /content/shubh-guru-purnima /2006/07/11/shubh-guru-purnima
Redirect 301 /content/shubh-navratri /2005/10/13/shubh-navratri
Redirect 301 /content/sita-ram /2006/03/23/sita-ram
Redirect 301 /content/south-asian-arts-chicago-all-over-myspace /2007/03/29/south-asian-arts-in-chicago-all-over-myspace
Redirect 301 /content/south-asian-student-association-depaul-university /2001/05/14/south-asian-student-association-depaul-university
Redirect 301 /content/stacyann-chin /2006/04/28/stacyann-chin
Redirect 301 /content/stank-you-very-much /2004/11/29/stank-you-very-much
Redirect 301 /content/stop-sexual-violence /2005/09/06/stop-sexual-violence
Redirect 301 /content/street-sexual-harassment-india /2006/03/09/street-sexual-harassment-in-india
Redirect 301 /content/sup-mom /2004/05/10/sup-mom
Redirect 301 /content/superman-returns /2006/06/29/superman-returns
Redirect 301 /content/surprise /2006/07/05/surprise
Redirect 301 /content/surprise-video /2006/09/29/surprise-video
Redirect 301 /content/tabla-beat-science /2005/03/29/tabla-beat-science
Redirect 301 /content/tabla-beat-science-0 /2005/04/04/tabla-beat-science
Redirect 301 /content/tactonic /2004/02/13/tactonic
Redirect 301 /content/tech /2008/12/19/tech
Redirect 301 /content/technology-and-community-organizing /2006/10/16/technology-and-community-organizing
Redirect 301 /content/thanks-chris /2004/10/11/thanks-chris
Redirect 301 /content/theres-always-next-year /2003/10/17/theres-always-next-year
Redirect 301 /content/time-travelers-wife /2007/05/31/the-time-travelers-wife
Redirect 301 /content/tired /2003/09/29/tired
Redirect 301 /content/tomorrow-u-c /2004/03/31/tomorrow-u-of-c
Redirect 301 /content/totally-delhi /2005/12/07/totally-in-delhi
Redirect 301 /content/two-lives /2006/07/28/two-lives
Redirect 301 /content/umrao-jaan /2006/12/22/umrao-jaan
Redirect 301 /content/unnecessary-stress /2004/08/04/unnecessary-stress
Redirect 301 /content/upcoming-gigs /2004/03/24/upcoming-gigs
Redirect 301 /content/url-shortening /2007/06/04/url-shortening
Redirect 301 /content/us-out /2006/06/23/us-is-out
Redirect 301 /content/violence-media /2006/06/16/violence-in-media
Redirect 301 /content/voices-resistance /2006/05/10/voices-of-resistance
Redirect 301 /content/voip-phones /2007/02/28/voip-phones
Redirect 301 /content/we-havent-lost-brother-weve-gained-ancestor /2005/02/28/we-havent-lost-a-brother-weve-gained-an-ancestor
Redirect 301 /content/weekend /2007/01/23/the-weekend
Redirect 301 /content/where-have-i-been /2006/11/14/where-have-i-been
Redirect 301 /content/whered-tibet-go /2005/08/10/whered-tibet-go
Redirect 301 /content/whole-new-year /2004/12/31/a-whole-new-year
Redirect 301 /content/why-cause-its-freakin /2004/12/17/why-cause-its-freakin-on
Redirect 301 /content/why-chicago-theater-so-white /2006/08/03/why-chicago-theater-is-so-white
Redirect 301 /content/why-do-we-wear-dress-shoes /2005/09/22/why-do-we-wear-dress-shoes
Redirect 301 /content/world-cup /2006/06/20/world-cup
Redirect 301 /content/worthless /2004/02/20/worthless
Redirect 301 /content/worthless-0 /2004/06/24/worthless
Redirect 301 /content/yawp-benefit /2007/06/06/yawp-benefit
Redirect 301 /content/yes-michigan /2004/07/17/yes-michigan
Redirect 301 /content/you-can-make-shak-too /2005/03/25/you-can-make-shak-too
Redirect 301 /content/youre-idiot /2004/11/17/youre-an-idiot
Redirect 301 /diary-uh/be-critical-of-how-you-donate-to-haiti /2010/01/15/be-critical-of-how-you-donate-to-haiti
Redirect 301 /node/10 /2004/05/01/msu-journal-of-medicine-and-law-cover-design
Redirect 301 /node/100 /2005/04/04/tabla-beat-science
Redirect 301 /node/101 /2005/04/06/gameboy-music
Redirect 301 /node/102 /2005/04/07/dancetropolis
Redirect 301 /node/103 /2005/04/18/back-in-the-chi
Redirect 301 /node/104 /2005/04/26/salt-stain-mary
Redirect 301 /node/105 /2005/05/06/it-took-you-to-make-me-realize
Redirect 301 /node/106 /2005/05/09/nine-inch-nails
Redirect 301 /node/1063 /2012/03/22/blue-bears-should-be-allowed-inside-too
Redirect 301 /node/1064 /2012/03/21/apparently-denver-thinks-old-chicago-has-something-to-do-with-hockey-what
Redirect 301 /node/1066 /2012/03/19/coconut-creme-brule
Redirect 301 /node/1067 /2012/03/19/that-was-good
Redirect 301 /node/1068 /2012/03/19/wiwt
Redirect 301 /node/1069 /2012/03/18/im-so-mesmerized-by-mountains-suchamidwesterner
Redirect 301 /node/107 /2005/05/12/history-of-indian-classical-music
Redirect 301 /node/1070 /2012/03/14/rollin-on-the-river
Redirect 301 /node/1071 /2012/03/14/first-sprouts
Redirect 301 /node/1072 /2012/03/13/first-sprouts-nofilter
Redirect 301 /node/1073 /2012/03/05/swamp-hiking
Redirect 301 /node/1074 /2012/03/03/wtf
Redirect 301 /node/1075 /2012/03/03/lobster-hash-ohmygoodness
Redirect 301 /node/1076 /2012/03/02/post-beach
Redirect 301 /node/1077 /2012/03/02/ahhh-theres-so-much-fresh-food-in-miami
Redirect 301 /node/1078 /2012/02/29/lunch-time
Redirect 301 /node/1079 /2012/02/28/i-freaking-hate-this-place
Redirect 301 /node/108 /2005/05/16/dhrupad-vs-khayal
Redirect 301 /node/1080 /2012/02/25/kale-curry
Redirect 301 /node/1081 /2012/02/25/tuna-curry
Redirect 301 /node/1082 /2012/02/24/snow
Redirect 301 /node/1083 /2012/03/20/
Redirect 301 /node/1086 /2012/03/23/good-morning-denver-taken-with-instagram-at-denver-art-museum
Redirect 301 /node/1089 /2012/03/24/shrimp-and-blue-crab-chile-rellenos-taken-with-instagram-at-sweet-basil
Redirect 301 /node/109 /2005/05/26/google-maps-hacks
Redirect 301 /node/1091 /2012/03/24/aspen-sunset-taken-with-instagram-at-aspen-sundeck
Redirect 301 /node/1093 /2012/03/26/mountains-suchamidwesterner-taken-with-instagram-at-rocky-mountain-park
Redirect 301 /node/1094 /2012/03/26/best-table-ever-taken-with-instagram
Redirect 301 /node/1095 /2012/03/26/what-is-this-oppropriationofindigenousculture-exotification-racism-colonialism-taken-with-instagram-at-decade
Redirect 301 /node/11 /2002/01/25/bhangra-fusion-3-stage-set
Redirect 301 /node/110 /2005/05/31/dang-nabbit
Redirect 301 /node/1105 /2012/04/02/bees-are-out-taken-with-instagram-at-millennium-park
Redirect 301 /node/1106 /2012/04/03/wiwt-taken-with-instagram
Redirect 301 /node/1109 /2012/04/08/my-niece-nikhita-happy-easter-taken-with-instagram
Redirect 301 /node/111 /2005/06/08/communal-harmony-through-music
Redirect 301 /node/1113 /2012/04/11/today-is-yours-use-it-taken-with-instagram-at-california-blue-line-cta
Redirect 301 /node/112 /2005/06/23/music-instrument-in-hero
Redirect 301 /node/1127 /2012/04/12/yum-taken-with-instagram-at-underbelly
Redirect 301 /node/113 /2005/07/12/femi-kuti
Redirect 301 /node/1130 /2012/04/13/watching-pelicans-dive-for-food-mw2012-taken-with-instagram-at-harbor-island
Redirect 301 /node/1136 /2012/04/15/picture-frame-taken-with-instagram-at-the-getty-center
Redirect 301 /node/1137 /2012/04/15/perfect-blue-taken-with-instagram-at-the-getty-center
Redirect 301 /node/1139 /2012/04/16/ocotillo-in-bloom-taken-with-instagram-at-joshua-tree-national-park
Redirect 301 /node/114 /2005/07/14/google-sms
Redirect 301 /node/1140 /2012/04/16/joshua-tree-taken-with-instagram-at-joshua-tree-national-park
Redirect 301 /node/115 /2005/07/20/ramayana
Redirect 301 /node/116 /2005/08/10/whered-tibet-go
Redirect 301 /node/117 /2005/09/01/saturns-moon
Redirect 301 /node/118 /2005/09/06/stop-sexual-violence
Redirect 301 /node/119 /2005/09/08/freebird
Redirect 301 /node/1190 /2012/04/18/only-in-an-art-school-taken-with-instagram-at-sonnys-cafe
Redirect 301 /node/1194 /2012/04/23/blackbird-fly-taken-with-instagram-at-millennium-park
Redirect 301 /node/1196 /2012/04/26/trout-yum-taken-with-instagram-at-ruxbin-kitchen
Redirect 301 /node/1199 /2012/04/29/blooming-magnolias-taken-with-instagram-at-middleton-place
Redirect 301 /node/12 /2002/01/09/les-claypool-illustration
Redirect 301 /node/120 /2005/09/16/ibm-employee-turned-public-school-teacher
Redirect 301 /node/1200 /2012/04/29/sunset-taken-with-instagram-at-patriots-point-links
Redirect 301 /node/1203 /2012/04/30/strawberry-and-beet-salad-with-almond-and-fennel-drool-taken-with-instagram-at-mccradys
Redirect 301 /node/1204 /2012/04/30/taaaaaaall-trees-taken-with-instagram-at-congaree-national-park
Redirect 301 /node/121 /2005/09/22/why-do-we-wear-dress-shoes
Redirect 301 /node/1215 /2012/05/11/check-me-out-taken-with-instagram-at-fm-gallery
Redirect 301 /node/1217 /2012/05/14/poppy-taken-with-instagram-at-lurie-garden
Redirect 301 /node/122 /2005/09/28/navaratri-on-bbc
Redirect 301 /node/1220 /2012/05/17/lol-i-love-my-mom-taken-with-instagram
Redirect 301 /node/1221 /2012/05/18/national-nurses-united-rally-nato-peaceful-nonviolent-taken-with-instagram-at-daley-plaza
Redirect 301 /node/1229 /2010/11/30/life-was-so-much-easier-when-i-was-a-line-drawing
Redirect 301 /node/123 /2005/10/05/oh-that-nagraj
Redirect 301 /node/1230 /2012/05/31/body
Redirect 301 /node/1233 /2012/06/02/le-butcherettes-taken-with-instagram-at-subterranean
Redirect 301 /node/1236 /2012/06/06/german-chocolate-thatsmozart-taken-with-instagram
Redirect 301 /node/124 /2005/10/07/irony
Redirect 301 /node/1241 /2012/06/10/morning-hike-taken-with-instagram-at-rock-cut-state-park
Redirect 301 /node/1242 /2012/06/10/best-show-of-the-summer-and-it-hasnt-even-started-yet-taken-with-instagram-at-ravinia-festival
Redirect 301 /node/1243 /2012/06/14/nice-taken-with-instagram-at-wrigley-field
Redirect 301 /node/1246 /2012/06/14/hug-taken-with-instagram
Redirect 301 /node/1248 /2012/06/19/will-power-taken-with-instagram
Redirect 301 /node/125 /2005/10/11/crazy
Redirect 301 /node/1251 /2012/06/20/sooparstaar-amitabh-teachyourselfgujarati-taken-with-instagram
Redirect 301 /node/1253 /2012/06/21/lunchtime-taken-with-instagram-at-grant-park-rose-gardens
Redirect 301 /node/1255 /2012/06/22/all-this-to-say-i-miss-you-derangedchef-taken-with-instagram
Redirect 301 /node/126 /2005/10/13/shubh-navratri
Redirect 301 /node/1263 /2012/07/03/all-playing-allowed-jugar-aqui-taken-with-instagram-at-palmer-square-park
Redirect 301 /node/1265 /2012/07/04/gloating-after-destroying-me-in-magic-taken-with-instagram-at-new-wave-coffee
Redirect 301 /node/1266 /2012/07/04/happy-4th-from-logan-square-taken-with-instagram-at-logan-square
Redirect 301 /node/127 /2005/10/13/musical-genomes
Redirect 301 /node/1270 /2012/07/07/a-very-detailed-menu-taken-with-instagram-at-sankalp
Redirect 301 /node/1273 /2012/07/10/chandeliers-taken-with-instagram-at-chicago-theatre
Redirect 301 /node/1276 /2012/07/11/happy-birthday-sheena-taken-with-instagram-at-ruxbin-kitchen
Redirect 301 /node/1278 /2012/07/12/one-of-my-better-drawsomething-moments-taken-with-instagram
Redirect 301 /node/128 /2005/10/19/nikhil-banerjee
Redirect 301 /node/1281 /2012/07/14/hiking-trail-taken-with-instagram-at-shawnee-national-forest
Redirect 301 /node/1283 /2012/07/16/hello-illinois-taken-with-instagram
Redirect 301 /node/1287 /2012/07/18/ive-been-thinking-about-you-you-know-do-you-think-about-me-still-or-do-you-not-think-so-far-ahead-cause-ive-been-thinking-about-forever-taken-with-instagram
Redirect 301 /node/1289 /2012/07/19/3d-capturing-of-our-sculptures-taken-with-instagram-at-the-modern-wing
Redirect 301 /node/129 /2005/10/25/bridge-from-india-to-sri-lanka
Redirect 301 /node/1291 /2012/07/20/summer-taken-with-instagram-at-milwaukee-ave-art-fest-2012
Redirect 301 /node/1294 /2012/07/26/bi-bim-hell-yea-taken-with-instagram-at-gosu
Redirect 301 /node/1297 /2012/07/28/this-was-wild-taken-with-instagram-at-tempur-pedic-imax-3d-theatre
Redirect 301 /node/1298 /2012/07/29/cloudy-lake-taken-with-instagram-at-crandall-park
Redirect 301 /node/1299 /2012/07/30/kishi-bashi-taken-with-instagram-at-great-scott
Redirect 301 /node/13 /2008/12/19/tech
Redirect 301 /node/130 /2005/10/28/its-quiet-on-the-northside
Redirect 301 /node/1301 /2012/08/08/club-soda-cranberry-juice-and-orange-juice-flyinginstyle-taken-with-instagram-at-bradley-international-airport-bdl
Redirect 301 /node/1304 /2012/08/15/chambagam-taken-with-instagram-at-philipkuttys-farm
Redirect 301 /node/1305 /2012/08/15/monsoon-rains-coming-taken-with-instagram-at-philipkuttys-farm
Redirect 301 /node/1307 /2012/08/19/oh-just-trekking-for-elephants-in-a-mountainous-jungle-taken-with-instagram-at-periyar-tiger-reserve
Redirect 301 /node/131 /2005/11/01/shubh-diwali
Redirect 301 /node/1318 /2012/08/25/pop-up-picnic-taken-with-instagram-at-chicago-in-white-2012
Redirect 301 /node/1319 /2012/08/25/pop-up-picnic-taken-with-instagram-at-chicago-in-white-2012
Redirect 301 /node/132 /2005/11/03/my-moms-dilruba
Redirect 301 /node/1323 /2012/08/29/wiwt-taken-with-instagram
Redirect 301 /node/133 /2005/11/07/say-no-to-plastic
Redirect 301 /node/1330 /2012/09/13/solidarity-red-wiwt-solidarity-ctustrike-faircontractnow-taken-with-instagram
Redirect 301 /node/1333 /2012/09/16/morning-run-taken-with-instagram-at-jardin-du-luxembourg
Redirect 301 /node/1334 /2012/09/19/lines-taken-with-instagram-at-muse-du-louvre
Redirect 301 /node/1335 /2012/09/19/sunbeams-over-paris-taken-with-instagram-at-basilique-du-sacr-cur
Redirect 301 /node/1336 /2012/09/19/clouds-taken-with-instagram-at-foret-de-fontainebleau
Redirect 301 /node/1337 /2012/09/19/taken-with-instagram-at-muse-dorsay
Redirect 301 /node/1338 /2012/09/21/locks-on-pont-des-arts-taken-with-instagram-at-pont-des-arts
Redirect 301 /node/1339 /2012/09/21/door-to-our-apartment-in-paris-taken-with-instagram-at-rue-monsieur-le-prince
Redirect 301 /node/134 /2005/11/09/bug-me-not
Redirect 301 /node/1340 /2012/09/22/green-tacos-with-red-cabbage-kale-and-beet-greens-yum-taken-with-instagram
Redirect 301 /node/1343 /2012/09/30/purple-red-orange-and-green-bell-peppers-yum-taken-with-instagram
Redirect 301 /node/1344 /2012/10/02/roasted-honey-ginger-pear-funwithbreakfast-yum-autumn-taken-with-instagram
Redirect 301 /node/1346 /2012/10/13/soup-dumplings-taken-with-instagram-at-shanghai-caf
Redirect 301 /node/1349 /2012/10/14/taken-with-instagram
Redirect 301 /node/135 /2005/11/15/bilaskhani-todi
Redirect 301 /node/1350 /2012/10/18/i-dont-know-how-old-i-was-here-but-how-adorable-was-i-throwbackthursday-tbt
Redirect 301 /node/1351 /2012/10/18/me-at-about-18-months-oh-my-goooods-throwbackthursday-tbt-anactualpolaroid
Redirect 301 /node/1353 /2012/10/22/shubh-navratri
Redirect 301 /node/1354 /2012/10/23/navratri-and-ending-sexism-and-male-domination
Redirect 301 /node/1358 /2012/10/22/navratri
Redirect 301 /node/1359 /2012/10/29/lake-michigan-is-rarely-this-choppy-at-montrose-beach
Redirect 301 /node/136 /2005/11/30/holy-crap
Redirect 301 /node/1360 /2012/10/31/information-services-halloween-at-art-institute-of-chicago-administrative-offices
Redirect 301 /node/1361 /2012/10/31/nevermind
Redirect 301 /node/1362 /2012/11/01/fresh-shave-for-movember-1-in-6-biological-males-will-be-diagnosed-with-prostate-cancer-in-our-lifetimes-guys-have-you-had-your-annual-checkup-http-mobro-co-nikhiltri
Redirect 301 /node/1363 /2012/11/05/stache-coming-in-for-movember-the-average-age-of-men-diagnosed-with-prostate-cancer-is-67-do-you-know-a-man-in-his-60s-do-you-know-when-his-last-checkup-was-ask
Redirect 301 /node/1364 /2012/11/08/yeah-maybe-mcn2012
Redirect 301 /node/1365 /2012/11/09/space-needle-at-space-needle
Redirect 301 /node/1366 /2012/11/09/pneumatic-tubes-mcn2012
Redirect 301 /node/1367 /2012/11/13/raj-kapoor-ish-guys-get-your-annual-checkup-this-month-and-make-a-donation-for-prostate-and-testicular-cancer-http-mobro-co-nikhiltri-movember
Redirect 301 /node/1368 /2012/11/21/movember-in-information-services-at-art-institute-of-chicago-administrative-offices
Redirect 301 /node/1369 /2012/11/22/enchiladas-its-thanksgiving-at-the-trivedi-house
Redirect 301 /node/137 /2005/12/07/totally-in-delhi
Redirect 301 /node/1370 /2012/11/23/leftovers
Redirect 301 /node/1371 /2012/11/25/butternut-squash-pancakes-with-raspberry-funwithbreakfast
Redirect 301 /node/1372 /2012/11/27/will-i-get-a-curl-a-wisp-ive-got-a-week-and-so-do-you-to-make-a-donations-for-mens-health-http-mobro-co-nikhiltri
Redirect 301 /node/1373 /2012/11/30/last-day-of-movember-and-no-curls-ill-need-to-get-a-head-start-next-year-but-you-still-have-time-to-make-a-donation-for-mens-health-http-mobro-co-nikhiltri
Redirect 301 /node/1374 /2012/12/01/baby-bok-choy-on-sourdough-with-an-egg-and-kim-chi-funwithbreakfast
Redirect 301 /node/1375 /2012/12/04/obsolete-at-cta-monroe-blue
Redirect 301 /node/1376 /2012/12/07/circles-and-lines-at-auditorium-theatre-of-roosevelt-university
Redirect 301 /node/138 /2005/12/16/cemcho-majama
Redirect 301 /node/139 /2005/12/28/coming-to-a-close
Redirect 301 /node/1393 /2012/12/17/ravi-shankar-my-complicated-connection-with-a-man-and-his-music
Redirect 301 /node/1398 /2012/12/19/christmas-at-my-desk-at-art-institute-of-chicago-administrative-offices
Redirect 301 /node/14 /2008/10/15/maahaul
Redirect 301 /node/140 /2006/01/06/back-home
Redirect 301 /node/1401 /2012/12/24/christmaseve-at-the-beach-at-10th
Redirect 301 /node/1406 /2013/01/06/my-3-year-old-niece-is-learning-how-to-text
Redirect 301 /node/141 /2006/01/17/its-really-over
Redirect 301 /node/1410 /2013/01/19/more-fun-at-exploritorium
Redirect 301 /node/1411 /2013/01/19/fun-with-my-niece-at-exploritorium
Redirect 301 /node/1414 /2013/01/24/my-workspace-is-a-giant-snow-globe-at-art-institute-of-chicago-administrative-offices
Redirect 301 /node/1416 /2013/01/25/indigo-at-chicago-cultural-center
Redirect 301 /node/1418 /2013/02/01/pipe-shadow-at-art-institute-of-chicago-administrative-offices
Redirect 301 /node/1419 /2013/02/02/winter-hike-at-bullfrog-lake
Redirect 301 /node/142 /2006/01/30/after-the-quake
Redirect 301 /node/1422 /2013/02/11/in-memory-of-aparna-sharma
Redirect 301 /node/1425 /2013/02/13/sketches-by-arthistorymusic
Redirect 301 /node/1427 /2013/02/14/one-billion-women-violated-is-an-atrocity-one-billion-women-dancing-is-a-revolution-today-i-rise-1billionrising-http-t-co-dswdcjyt-at-richard-j-daley-center
Redirect 301 /node/1429 /2013/02/22/use-wizards-to-create-letters-circa-1993
Redirect 301 /node/143 /2006/02/06/happy-birthday-bob-marley
Redirect 301 /node/1433 /2013/03/07/not-bad-if-i-dont-say-so-drawsomething
Redirect 301 /node/144 /2006/02/10/brokeback-mountain
Redirect 301 /node/1443 /2013/04/15/post-hike-through-a-cave-at-parque-nacional-de-este
Redirect 301 /node/1444 /2013/04/15/roots-at-parque-nacional-de-este
Redirect 301 /node/1445 /2013/04/19/anamuya-mountain-at-zipline-adventures
Redirect 301 /node/1446 /2013/04/19/turquoise-water-at-isla-saona
Redirect 301 /node/1448 /2013/04/24/our-fish-tank-at-work-at-art-institute-of-chicago-administrative-offices
Redirect 301 /node/145 /2006/02/16/language-as-a-form-of-violence
Redirect 301 /node/1453 /2013/05/02/madein-bangladesh-check-out-a-map-of-where-all-my-clothes-were-manufactured-http-www-flickr-com-photos-nikhiltri-sets-72157633372250545-map-inprogress-wiwt
Redirect 301 /node/1455 /2013/05/07/lunch-at-john-g-shedd-aquarium
Redirect 301 /node/146 /2006/02/17/gut-instincts
Redirect 301 /node/1460 /2013/05/19/where-my-clothes-were-made
Redirect 301 /node/1462 /2013/05/21/im-working-on-mapping-where-all-my-clothes-were-made-http-www-nikhiltrivedi-com-where-my-clothes-were-made-madein-bangladesh-globalization-consumerism-wiwt
Redirect 301 /node/1464 /2013/05/24/ask-me-about-the-internet-at-bourgeois-pig
Redirect 301 /node/1465 /2013/05/31/lunch-at-north-garden
Redirect 301 /node/1466 /2013/06/08/beaver-dam-wi-at-beaver-dam-wi
Redirect 301 /node/1468 /2013/06/12/awww-ingredients-love-at-dill-pickle-food-co-op
Redirect 301 /node/1469 /2013/06/16/hiking-at-warren-dunes-state-park
Redirect 301 /node/147 /2006/02/21/the-semi-monthly-geek-post
Redirect 301 /node/1470 /2013/06/23/prairie-at-midewin-national-tallgrass-prairie
Redirect 301 /node/1471 /2013/06/23/supermoon-at-fullerton-beach
Redirect 301 /node/1472 /2013/06/29/sun-playing-peekaboo-at-indiana-dunes-national-lakeshore
Redirect 301 /node/1473 /2013/07/06/leaves-and-sky-at-palmer-square-park
Redirect 301 /node/1474 /2013/07/06/rainbow-at-lake-shore-drive-walking-pathway
Redirect 301 /node/1475 /2013/07/13/sunset-at-peninsula-state-park
Redirect 301 /node/1476 /2013/07/13/limestone-at-peninsula-state-park
Redirect 301 /node/1477 /2013/07/19/lunch-at-blue-hen-falls
Redirect 301 /node/1478 /2013/07/19/im-so-mesmerized-by-anything-remotely-connected-to-mountains-suchamidwesterner-at-cuyahoga-valley-national-park
Redirect 301 /node/1479 /2013/08/09/bike-lunch-at-john-hancock-center
Redirect 301 /node/148 /2006/02/22/planet-read
Redirect 301 /node/1480 /2013/08/10/honeycomb-at-nature-boardwalk
Redirect 301 /node/1481 /2013/08/11/shrikhand-birthday-cake
Redirect 301 /node/1484 /2010/05/24/voices-around-town-flyer
Redirect 301 /node/1486 /2011/04/24/breaking-barriers-program-cover
Redirect 301 /node/1487 /2013/08/24/exporting-data-from-helix
Redirect 301 /node/1488 /2013/09/01/white-oak-trees-at-lake-kegonsa-state-park
Redirect 301 /node/1489 /2013/09/11/this-has-happened-thanks-for-the-gift-derangedchef
Redirect 301 /node/149 /2006/03/06/sex-workers-in-cambodia
Redirect 301 /node/1490 /2013/09/14/sunset-latergram-at-platte-point
Redirect 301 /node/1491 /2013/09/15/cloudy-lake-michigan-latergram-at-empire-bluff-trail
Redirect 301 /node/1492 /2013/09/15/waves-and-clouds-at-sleeping-bear-dunes-national-park
Redirect 301 /node/1493 /2013/09/26/the-xx-at-aragon-entertainment-center
Redirect 301 /node/1494 /2013/10/27/colors-at-chain-o-lakes-goldfinch-trail
Redirect 301 /node/1495 /2013/10/31/im-windows-8-im-so-craloadingfty-halloween-costume-at-art-institute-of-chicago-administrative-offices
Redirect 301 /node/1496 /2013/11/09/its-kind-of-like-dosa-but-not-really
Redirect 301 /node/1497 /2013/11/15/no-sitting-only-cappuccino-latergram-at-bus-747
Redirect 301 /node/1498 /2013/11/16/pregnant-couture-woman-at-metro-la-ligne-orange-2
Redirect 301 /node/1499 /2013/11/16/sunset-at-parc-du-mont-royal
Redirect 301 /node/15 /2008/10/15/rasaka-theatre-company
Redirect 301 /node/150 /2006/03/09/street-sexual-harassment-in-india
Redirect 301 /node/1500 /2013/11/21/not-the-greatest-space-for-it-but-its-something-hotelyoga
Redirect 301 /node/1501 /2013/11/21/allofthelights-mcn2013-at-thtre-corona-virgin-mobile
Redirect 301 /node/1502 /2013/11/21/menswear-at-la-maison-ogilvy
Redirect 301 /node/1503 /2013/11/22/dhunicorn-in-the-museopunks-green-room-mcn2013
Redirect 301 /node/1504 /2013/11/28/jumping-back-out-of-the-rabbit-hole-at-hickory-lane-bistro
Redirect 301 /node/1505 /2013/12/06/dreary-day-art-meant-to-be-seen-on-a-cloudy-day-at-the-modern-wing
Redirect 301 /node/1506 /2013/12/14/lights-and-snow
Redirect 301 /node/1507 /2013/12/21/post-run-beach-time-at-fort-lauderdale-beach-sunrise-boulevard
Redirect 301 /node/1508 /2013/12/24/post-tennis-beach-time-at-the-beach-pompano-beach
Redirect 301 /node/1509 /2013/12/31/year-2013-in-review
Redirect 301 /node/151 /2006/03/14/indian-classical-music-post-partition
Redirect 301 /node/1513 /2014/01/06/fuuuuuuuhhhhhhh
Redirect 301 /node/1514 /2014/02/01/snow-day
Redirect 301 /node/1515 /2014/02/05/creating-a-raisers-edge-api
Redirect 301 /node/1516 /2014/02/14/full-moon-rise-at-clark-street-beach
Redirect 301 /node/1517 /2014/02/16/laying-down-in-snow-seriously-seriously-at-big-rock
Redirect 301 /node/1518 /2014/03/12/youre-gonna-miss-me-when-im-gone-at-millennium-park
Redirect 301 /node/1519 /2014/04/02/heritage-walk-at-inner-harbor
Redirect 301 /node/152 /2006/03/17/minority-artists
Redirect 301 /node/1520 /2014/04/05/melting-pond-at-sunset-at-clarkston-mill-pond
Redirect 301 /node/1521 /2014/04/10/gaaaaaasp-flowers-springisthatyou
Redirect 301 /node/1522 /2014/04/15/dinner-at-my-mens-feminist-book-group-cause-thats-how-we-roll
Redirect 301 /node/1523 /2014/04/18/rapevictimadv-burger-of-the-month-saam-yum-at-kumas-corner
Redirect 301 /node/1524 /2014/04/22/the-slice-of-sky-outside-my-office-window
Redirect 301 /node/1525 /2014/05/11/happy-mothers-day-universe-at-swallow-cliff-forest-preserves
Redirect 301 /node/1526 /2014/05/15/barbados-is-an-island-composed-almost-entirely-of-coral-at-st-martins-bay-st-john-barbados
Redirect 301 /node/1527 /2014/06/01/afternoon-hike-at-palos-hills-forest-preserve
Redirect 301 /node/1528 /2014/06/03/audre-lorde-night-at-our-mens-feminist-book-group
Redirect 301 /node/1529 /2014/06/08/herb-walk-at-bald-mountain-state-park
Redirect 301 /node/153 /2006/03/23/sita-ram
Redirect 301 /node/1530 /2014/06/14/roadtrip-pa-at-lightstreet-pennsylvania
Redirect 301 /node/1531 /2014/07/04/playing-memory-at-the-beach-at-lake-geneva-beach
Redirect 301 /node/1532 /2014/07/05/walls-in-mens-bathroom-stalls-have-gotten-much-more-pleasant-at-new-wave-coffee
Redirect 301 /node/1533 /2014/07/22/wtf-is-linked-open-data
Redirect 301 /node/1534 /2014/07/29/masala-soda-break-at-art-institute-of-chicago-administrative-offices
Redirect 301 /node/1535 /2014/08/03/wildcrafting-last-night
Redirect 301 /node/1536 /2014/08/14/our-sys-admins-whole-office-looks-like-this-archives-museums
Redirect 301 /node/1537 /2014/08/15/at-the-vigil-for-mikebrown-yesterday-blacklivesmatter-thanks-for-the-photo-msjoyluckclub
Redirect 301 /node/1538 /2014/09/22/sage-prayers-and-thankfulness-happy-autumnal-equinox-at-fullerton-beach-lincoln-park
Redirect 301 /node/1539 /2014/10/04/an-apple-iic-and-it-still-works
Redirect 301 /node/154 /2006/03/28/credit-card-junk-mail
Redirect 301 /node/1540 /2014/10/10/you-are-not-alone-you-are-enough-your-story-matters-and-yes-and-yes-you-can-fly-love-sharon-bridgforth
Redirect 301 /node/1541 /2014/10/18/evening-hike-at-caldwell-woods
Redirect 301 /node/1542 /2014/10/22/diwali-joy-hope-and-justice
Redirect 301 /node/1543 /2014/10/30/late-diwali-with-some-friends-and-my-first-rangoli
Redirect 301 /node/1544 /2014/11/12/ginkgo-leaf-autumn
Redirect 301 /node/1545 /2014/11/20/not-bad-dallas-mcn2014-at-klyde-warren-park
Redirect 301 /node/1546 /2014/11/21/i-never-though-i-would-but-i-did-and-it-was-so-much-fun-mcn2014-at-cowboys-red-river
Redirect 301 /node/1547 /2014/11/21/ok-that-was-kinda-fun-mcn2014-at-nasher-sculpture-museum
Redirect 301 /node/1548 /2014/11/28/evening-hike-at-country-lane-woods
Redirect 301 /node/1549 /2014/12/04/towards-an-anti-oppression-museum-manifesto
Redirect 301 /node/155 /2006/04/11/no-more-prisons
Redirect 301 /node/1550 /2014/12/07/evening-hike-at-caldwell-woods
Redirect 301 /node/1551 /2014/12/12/museums-and-blacklivesmatter
Redirect 301 /node/1552 /2014/12/13/purple-cabbage
Redirect 301 /node/1553 /2015/01/01/new-years-day-beach-blessings-at-warren-dunes-state-park
Redirect 301 /node/1554 /2015/01/04/here-it-is-firstsnow-at-palmer-square-park
Redirect 301 /node/1555 /2015/02/04/we-had-an-electricity-free-night-last-night
Redirect 301 /node/1556 /2015/02/17/skatingaboutmuseums-at-maggie-daley-park-ice-skating-ribbon
Redirect 301 /node/1557 /2015/02/27/is-that-what-spring-looks-like
Redirect 301 /node/1558 /2015/03/13/wiwt-chugchug-geealbers
Redirect 301 /node/1559 /2015/03/25/autocorrect-goodness
Redirect 301 /node/156 /2006/04/24/da-weekend
Redirect 301 /node/1560 /2015/05/18/perfect-at-grant-park
Redirect 301 /node/1561 /2015/07/04/kamala-khan-is-basically-12-year-old-me-msmarvel
Redirect 301 /node/1562 /2015/07/24/summertimechi-nofilter-at-the-lurie-garden
Redirect 301 /node/1563 /2015/08/10/an-oppression-primer-for-museums
Redirect 301 /node/1564 /2015/08/25/lookingup-at-asado-coffee-pickwick-lane
Redirect 301 /node/1565 /2015/08/31/hazy-afternoon-at-evanston-beach
Redirect 301 /node/1566 /2015/10/21/fall-fall-at-palmer-square-park
Redirect 301 /node/1567 /2015/11/05/text-from-my-ignite-talk-at-mcn-2015
Redirect 301 /node/1568 /2015/11/07/minneapolis-birch-mcn2015-at-walker-art-center
Redirect 301 /node/1569 /2015/11/08/women-are-not-outside-for-your-entertainment-endstreetharassment-at-logan-square-chicago
Redirect 301 /node/157 /2006/04/25/del-icio-us
Redirect 301 /node/1570 /2015/11/20/house-music-dance-party-over-lunch-housemusicallnightlong-at-chicago-cultural-center
Redirect 301 /node/1571 /2016/01/24/first-date-since-we-had-a-baby-at-lula-cafe
Redirect 301 /node/1572 /2016/02/06/holy-shit-at-the-wizarding-world-of-harry-potter-diagon-alley
Redirect 301 /node/1573 /2016/03/09/afternoon-hike-with-buddy-at-quarry-park
Redirect 301 /node/1574 /2016/03/11/morning-hike-and-breakfast-with-buddy-at-devils-lake-state-park
Redirect 301 /node/158 /2006/04/28/stacyann-chin
Redirect 301 /node/159 /2006/05/08/jeff-award-nomination
Redirect 301 /node/16 /2003/09/15/personal-website
Redirect 301 /node/160 /2006/05/10/voices-of-resistance
Redirect 301 /node/161 /2006/05/16/harassment
Redirect 301 /node/162 /2006/05/19/rape-and-race
Redirect 301 /node/163 /2006/05/23/afghan-airstrike
Redirect 301 /node/164 /2006/06/02/peace-festival-in-ny
Redirect 301 /node/165 /2006/06/05/masculinity
Redirect 301 /node/166 /2006/06/06/jeff-award
Redirect 301 /node/167 /2006/06/07/pics-from-peace-fest
Redirect 301 /node/168 /2006/06/09/content-management-systems
Redirect 301 /node/169 /2006/06/16/violence-in-media
Redirect 301 /node/17 /2001/05/14/south-asian-student-association-depaul-university
Redirect 301 /node/170 /2006/06/20/world-cup
Redirect 301 /node/171 /2006/06/21/blog-usability
Redirect 301 /node/172 /2006/06/23/hot-date-idea
Redirect 301 /node/173 /2006/06/23/us-is-out
Redirect 301 /node/174 /2006/06/27/da-weekend
Redirect 301 /node/175 /2006/06/28/characters-of-color-played-by-white-people
Redirect 301 /node/176 /2006/06/29/superman-returns
Redirect 301 /node/177 /2006/07/13/define-privilege
Redirect 301 /node/178 /2006/07/05/surprise
Redirect 301 /node/179 /2006/07/10/buyblue-org
Redirect 301 /node/180 /2006/07/11/shubh-guru-purnima
Redirect 301 /node/181 /2006/07/13/houses-fire-and-trains
Redirect 301 /node/182 /2006/07/19/many-prayers
Redirect 301 /node/183 /2006/07/28/two-lives
Redirect 301 /node/184 /2006/07/26/friend-in-beirut
Redirect 301 /node/185 /2006/08/03/why-chicago-theater-is-so-white
Redirect 301 /node/186 /2006/08/11/no-more-tamales
Redirect 301 /node/187 /2006/08/28/eucharist-and-prasad
Redirect 301 /node/188 /2006/08/29/michigan-and-responses
Redirect 301 /node/189 /2006/09/05/kabhi-alvida-naa-kehna
Redirect 301 /node/19 /2008/12/21/nikhil-trivedi
Redirect 301 /node/190 /2006/09/08/going-to-a-farm
Redirect 301 /node/191 /2006/09/14/pics-are-back-on-line
Redirect 301 /node/192 /2006/09/15/raina-foundation
Redirect 301 /node/193 /2006/09/18/macys-day-of-music
Redirect 301 /node/194 /2006/10/16/technology-and-community-organizing
Redirect 301 /node/195 /2006/09/29/surprise-video
Redirect 301 /node/196 /2006/10/05/diamonds
Redirect 301 /node/197 /2006/10/10/sexyback
Redirect 301 /node/198 /2006/10/25/engagement-and-drama
Redirect 301 /node/199 /2006/10/26/i-lost-my-orange-hat
Redirect 301 /node/20 /2003/09/22/kushal-das-was-awesome
Redirect 301 /node/200 /2006/11/14/where-have-i-been
Redirect 301 /node/201 /2006/11/17/house-chicagos-hip-hop
Redirect 301 /node/202 /2006/12/01/borat-is-racist
Redirect 301 /node/203 /2006/12/05/engagement-photo
Redirect 301 /node/204 /2006/12/07/the-new-brain-drain
Redirect 301 /node/205 /2006/12/21/emacs-mug
Redirect 301 /node/206 /2006/12/22/umrao-jaan
Redirect 301 /node/207 /2007/01/04/the-military-and-mental-health
Redirect 301 /node/208 /2006/12/12/rip-tower-records
Redirect 301 /node/209 /2007/01/23/the-weekend
Redirect 301 /node/21 /2003/09/24/remember-shakti-chicago-theater
Redirect 301 /node/210 /2007/01/29/green-spot-on-the-sun
Redirect 301 /node/211 /2007/02/28/voip-phones
Redirect 301 /node/212 /2007/03/29/south-asian-arts-in-chicago-all-over-myspace
Redirect 301 /node/213 /2007/04/02/african-drumming-in-high-school
Redirect 301 /node/214 /2007/04/25/misogyny-hip-hop-and-racism
Redirect 301 /node/215 /2007/05/31/chori-chori-chupke-chupke
Redirect 301 /node/216 /2007/05/31/koi-mil-gaya-and-afrika-bambaataa
Redirect 301 /node/217 /2007/05/31/pat-buchanan-is-a-moron
Redirect 301 /node/218 /2007/05/31/the-time-travelers-wife
Redirect 301 /node/219 /2007/05/31/this-music-is-not-exotic
Redirect 301 /node/22 /2003/09/29/tired
Redirect 301 /node/220 /2007/05/31/i-got-a-bike
Redirect 301 /node/221 /2007/06/04/url-shortening
Redirect 301 /node/222 /2007/06/06/yawp-benefit
Redirect 301 /node/223 /2007/06/27/nirvana
Redirect 301 /node/224 /2007/08/16/recent-readings
Redirect 301 /node/225 /2008/07/18/1-year
Redirect 301 /node/226 /2008/09/30/chemical-attack-on-mosque-in-ohio
Redirect 301 /node/227 /2008/10/14/black-white-or-whatever
Redirect 301 /node/228 /2008/10/15/pro-abortion
Redirect 301 /node/233 /2010/01/15/be-critical-of-how-you-donate-to-haiti
Redirect 301 /node/26 /2003/10/15/his-name-is-steve-bartman
Redirect 301 /node/261 /2010/01/17/web-consulting-services
Redirect 301 /node/263 /2010/01/17/the-grassroots-collaborative
Redirect 301 /node/264 /2010/01/31/protest-the-war-on-facebook
Redirect 301 /node/27 /2003/10/17/theres-always-next-year
Redirect 301 /node/28 /2003/10/21/mmmmm-yea
Redirect 301 /node/307 /2010/04/29/boycott-cold-stone-creamery
Redirect 301 /node/308 /2010/05/19/the-1700-project-defacement-is-it-a-hate-crime
Redirect 301 /node/309 /2005/11/07/masrayana-sampler-by-nikhil-trivedi
Redirect 301 /node/31 /2003/10/30/and-were-back
Redirect 301 /node/310 /2010/09/19/i-still-live-here-sampler
Redirect 301 /node/312 /2010/09/20/performance-announcement-i-still-live-here
Redirect 301 /node/313 /2011/05/05/violent-military-force-is-not-a-party
Redirect 301 /node/314 /2011/10/05/navratri-9-nights-for-liberation
Redirect 301 /node/317 /2012/03/15/style-your-site-for-mobile-with-drupal-5-and-css
Redirect 301 /node/32 /2003/10/31/happy-hallow-spleen
Redirect 301 /node/35 /2003/11/07/lunar-eclipse-this-weekend
Redirect 301 /node/41 /2003/11/29/approx-12-hours-remaining
Redirect 301 /node/42 /2003/12/02/day-1
Redirect 301 /node/43 /2003/12/03/day-2
Redirect 301 /node/44 /2003/12/03/day-3
Redirect 301 /node/45 /2003/12/09/day-4-n
Redirect 301 /node/46 /2003/12/30/1-week-back
Redirect 301 /node/47 /2004/01/09/2-weeks-back
Redirect 301 /node/48 /2004/01/13/back-to-da-diary-uh
Redirect 301 /node/50 /2004/02/12/this-dudes-funny
Redirect 301 /node/51 /2004/02/13/tactonic
Redirect 301 /node/52 /2004/02/16/liars-club
Redirect 301 /node/54 /2004/02/20/worthless
Redirect 301 /node/55 /2004/02/24/bolo
Redirect 301 /node/57 /2004/03/04/are-you-white
Redirect 301 /node/58 /2004/03/09/karsh-muthafin-kale
Redirect 301 /node/59 /2004/03/24/upcoming-gigs
Redirect 301 /node/60 /2004/03/31/tomorrow-u-of-c
Redirect 301 /node/61 /2004/04/06/its-on
Redirect 301 /node/62 /2004/04/08/patrick-swayzes-the-man
Redirect 301 /node/63 /2004/04/16/its-on
Redirect 301 /node/65 /2004/05/10/sup-mom
Redirect 301 /node/67 /2004/05/26/rjd2
Redirect 301 /node/69 /2004/06/15/back-in-the-saddle-again
Redirect 301 /node/70 /2004/06/17/more-than-meets-the-eye
Redirect 301 /node/72 /2004/06/24/worthless
Redirect 301 /node/73 /2004/06/28/italian-job-sucked
Redirect 301 /node/74 /2004/07/05/brahmin-samaj-convention
Redirect 301 /node/76 /2004/07/17/yes-michigan
Redirect 301 /node/77 /2004/07/26/afrika-bam
Redirect 301 /node/78 /2004/08/04/unnecessary-stress
Redirect 301 /node/79 /2004/08/10/i-miss-india
Redirect 301 /node/8 /2003/10/07/the-key-to-happiness
Redirect 301 /node/80 /2004/08/18/lots-of-music
Redirect 301 /node/81 /2004/08/26/i-must-have-been-an-adorable-kid
Redirect 301 /node/82 /2004/08/30/alien-vs-predator
Redirect 301 /node/83 /2004/09/09/i-forgot-what-the-sidewalk-looks-like
Redirect 301 /node/84 /2004/10/11/thanks-chris
Redirect 301 /node/85 /2004/10/20/damn-go-red-sox
Redirect 301 /node/86 /2004/11/11/google-gave-me-add
Redirect 301 /node/87 /2004/11/17/youre-an-idiot
Redirect 301 /node/88 /2004/11/29/stank-you-very-much
Redirect 301 /node/89 /2004/12/17/why-cause-its-freakin-on
Redirect 301 /node/9 /2008/11/22/art
Redirect 301 /node/90 /2004/12/20/it-begins
Redirect 301 /node/91 /2004/12/31/a-whole-new-year
Redirect 301 /node/92 /2005/01/03/closer-to-home
Redirect 301 /node/93 /2005/01/11/satellite-photos
Redirect 301 /node/94 /2005/01/31/its-on
Redirect 301 /node/95 /2005/02/28/we-havent-lost-a-brother-weve-gained-an-ancestor
Redirect 301 /node/96 /2005/03/23/the-real-hip-hop-is-over-here
Redirect 301 /node/97 /2005/03/25/you-can-make-shak-too
Redirect 301 /node/98 /2005/03/29/tabla-beat-science
Redirect 301 /node/99 /2005/03/30/schneider-baby
